Feature Code,Average Distance,Standard Deviation,Scale Deviation
0,10.348446470927291,11.021338157909968,10.2
1,6.8694341954605065,3.389592561121232,8.1
2,8.745288357070866,6.235294817688867,8.1
3,4.197655654449242,0.9003532839772366,5.2
4,4.8883666516652395,1.1602699249573658,5.2
5,5.093629108169419,3.961591359600746,7.4
6,5.265306141465242,2.383242709790634,3.4
