Feature,AverageDistance,StdDeviation
0,19.178309362121166,21.251530965588508
1,14.954097100359158,12.796130454530713
2,15.091927137677859,12.999919306673496
3,9.163711861583776,6.090166830928328
4,9.053447368973032,6.450356359606893
5,11.506464218248034,11.354353658814452
6,9.081406190263428,5.801603902917778
