Feature,AverageDistance,StdDeviation
0,19.178309362121166,22.47081233640042
1,14.954097100359158,14.739594862935487
2,15.091927137677859,14.585094216828184
3,9.163711861583776,8.216703463328491
4,9.053447368973032,8.160152590730249
5,11.506464218248034,12.555360632691686
6,9.081406190263428,6.287328320788904
