Feature,AverageDistance,StdDeviation
0,19.178309362121166,22.748137196118332
1,14.954097100359158,15.117246666433452
2,15.091927137677859,14.879201958340644
3,9.163711861583776,8.63494328612233
4,9.053447368973032,8.474820992952528
5,11.506464218248034,12.78648262644383
6,9.081406190263428,6.376426424247603
