Feature,AverageDistance,StdDeviation
0,19.178309362121166,20.418853870658445
1,14.954097100359158,14.71105932889196
2,15.091927137677859,14.292380307346567
3,9.163711861583776,8.956794496068717
4,9.053447368973032,8.818255714755708
5,11.506464218248034,12.187790433755428
6,9.081406190263428,7.067453414774578
