Feature,AverageDistance,StdDeviation
0,19.178309362121166,21.519105295872787
1,14.954097100359158,14.767045523019496
2,15.091927137677859,14.813818721363647
3,9.163711861583776,8.262616945239103
4,9.053447368973032,8.483381961559626
5,11.506464218248034,12.453680520643484
6,9.081406190263428,6.869145567142118
