Feature,AverageDistance,StdDeviation
0,19.178309362121166,22.20991299898384
1,14.954097100359158,14.729433475658023
2,15.091927137677859,15.131210342250037
3,9.163711861583776,7.651784914704256
4,9.053447368973032,8.188565268903416
5,11.506464218248034,12.559572033468232
6,9.081406190263428,6.739287238842604
