Feature,AverageDistance,StdDeviation
0,19.178309362121166,21.246991424367334
1,14.954097100359158,14.583556127583932
2,15.091927137677859,14.467944685910044
3,9.163711861583776,8.493843497980075
4,9.053447368973032,8.414209215341021
5,11.506464218248034,12.421623991001923
6,9.081406190263428,6.770247673565383
