Feature,AverageDistance,StdDeviation
0,19.178309362121166,21.62399690686417
1,14.954097100359158,14.519957496169194
2,15.091927137677859,14.399805784579685
3,9.163711861583776,8.097874645502573
4,9.053447368973032,8.114569822799066
5,11.506464218248034,12.409711232648519
6,9.081406190263428,6.49193779863514
