Feature,AverageDistance,StdDeviation
0,19.178309362121166,22.028218869760508
1,14.954097100359158,14.50703875044884
2,15.091927137677859,14.369661570347333
3,9.163711861583776,7.7186137707995774
4,9.053447368973032,7.821701360106372
5,11.506464218248034,12.419627032367517
6,9.081406190263428,6.173270084895851
