Feature,AverageDistance,StdDeviation
0,19.178309362121166,21.69246063255006
1,14.954097100359158,14.576702064284792
2,15.091927137677859,14.5506116063928
3,9.163711861583776,8.154794737013098
4,9.053447368973032,8.196636326883505
5,11.506464218248034,12.436381782287224
6,9.081406190263428,6.600367861288421
