Feature,AverageDistance,StdDeviation
0,19.178309362121166,20.636008155653077
1,14.954097100359158,14.216266980871772
2,15.091927137677859,14.282605324467447
3,9.163711861583776,8.343466151508789
4,9.053447368973032,8.19880882325662
5,11.506464218248034,12.083354626468033
6,9.081406190263428,6.89674424580289
