Feature,AverageDistance,StdDeviation
0,19.178309362121166,21.315007206087838
1,14.954097100359158,14.458995561985663
2,15.091927137677859,14.831622955809793
3,9.163711861583776,8.230531505749589
4,9.053447368973032,8.254557768513164
5,11.506464218248034,12.419374846119297
6,9.081406190263428,6.851979482645142
