Feature,AverageDistance,StdDeviation
0,19.178309362121166,22.292224770733302
1,14.954097100359158,14.844651047206012
2,15.091927137677859,15.632854510877978
3,9.163711861583776,8.016196048046535
4,9.053447368973032,8.326808403098958
5,11.506464218248034,12.922495318599946
6,9.081406190263428,6.763617263113892
